Train Loss,Val Loss
1.5712109138552899,1.652732936002933
