Train Loss,Val Loss,Train Accuracy,Val Accuracy
1.432697319220528,1.1673905845212225,0.3068710050511624,0.34234532886416935
1.254177736896983,1.1658400171277026,0.33405691581969044,0.33593625302343855
1.220393851769542,1.1221939190516532,0.3413844162923928,0.3654032683831203
1.205550307811078,1.1022310712794823,0.34527408142267446,0.3766498459120655
1.1954659006321633,1.088707034942969,0.34675480621658855,0.3657102164597837
1.1906798684738666,1.1064089223666924,0.3485081022412231,0.37576583545127507
1.1861040643945329,1.072769907117512,0.3500084718085224,0.3818065736000098
